﻿<?xml version="1.0" encoding="utf-8"?>
<!--DockPanel configuration file. Author: Weifen Luo, all rights reserved.-->
<!--!!! AUTOMATICALLY GENERATED FILE. DO NOT MODIFY !!!-->
<DockPanel FormatVersion="1.0" DockLeftPortion="150" DockRightPortion="261" DockTopPortion="200" DockBottomPortion="243" ActiveDocumentPane="0" ActivePane="3">
  <Contents Count="18">
    <Content ID="0" PersistString="Browser" AutoHidePortion="150" IsHidden="False" IsFloat="False" />
    <Content ID="1" PersistString="Quest" AutoHidePortion="200" IsHidden="False" IsFloat="False" />
    <Content ID="2" PersistString="ShipGroup?SplitterDistance=49" AutoHidePortion="261" IsHidden="False" IsFloat="False" />
    <Content ID="3" PersistString="Fleet #1" AutoHidePortion="200" IsHidden="False" IsFloat="False" />
    <Content ID="4" PersistString="Fleet #2" AutoHidePortion="200" IsHidden="False" IsFloat="False" />
    <Content ID="5" PersistString="Fleet #3" AutoHidePortion="200" IsHidden="False" IsFloat="False" />
    <Content ID="6" PersistString="Fleet #4" AutoHidePortion="200" IsHidden="False" IsFloat="False" />
    <Content ID="7" PersistString="Battle" AutoHidePortion="261" IsHidden="False" IsFloat="False" />
    <Content ID="8" PersistString="Compass" AutoHidePortion="261" IsHidden="False" IsFloat="False" />
    <Content ID="9" PersistString="HeadQuarters" AutoHidePortion="200" IsHidden="False" IsFloat="False" />
    <Content ID="10" PersistString="Information" AutoHidePortion="261" IsHidden="False" IsFloat="False" />
    <Content ID="11" PersistString="Log" AutoHidePortion="150" IsHidden="False" IsFloat="False" />
    <Content ID="12" PersistString="FleetOverview" AutoHidePortion="200" IsHidden="False" IsFloat="False" />
    <Content ID="13" PersistString="Arsenal" AutoHidePortion="200" IsHidden="False" IsFloat="False" />
    <Content ID="14" PersistString="Dock" AutoHidePortion="200" IsHidden="False" IsFloat="False" />
    <Content ID="15" PersistString="MissionHelper.MissionHelperForm" AutoHidePortion="261" IsHidden="False" IsFloat="False" />
    <Content ID="16" PersistString="KanVoice.VoiceSubtitle" AutoHidePortion="0.25" IsHidden="False" IsFloat="False" />
    <Content ID="17" PersistString="CustomShipGroup" AutoHidePortion="150" IsHidden="True" IsFloat="False" />
  </Contents>
  <Panes Count="11">
    <Pane ID="0" DockState="Document" ActiveContent="0">
      <Contents Count="4">
        <Content ID="0" RefID="0" />
        <Content ID="1" RefID="11" />
        <Content ID="2" RefID="16" />
        <Content ID="3" RefID="17" />
      </Contents>
    </Pane>
    <Pane ID="1" DockState="Float" ActiveContent="-1">
      <Contents Count="1">
        <Content ID="0" RefID="7" />
      </Contents>
    </Pane>
    <Pane ID="2" DockState="Float" ActiveContent="-1">
      <Contents Count="2">
        <Content ID="0" RefID="8" />
        <Content ID="1" RefID="10" />
      </Contents>
    </Pane>
    <Pane ID="3" DockState="DockRight" ActiveContent="2">
      <Contents Count="3">
        <Content ID="0" RefID="7" />
        <Content ID="1" RefID="2" />
        <Content ID="2" RefID="15" />
      </Contents>
    </Pane>
    <Pane ID="4" DockState="Float" ActiveContent="-1">
      <Contents Count="4">
        <Content ID="0" RefID="14" />
        <Content ID="1" RefID="13" />
        <Content ID="2" RefID="9" />
        <Content ID="3" RefID="12" />
      </Contents>
    </Pane>
    <Pane ID="5" DockState="Float" ActiveContent="-1">
      <Contents Count="4">
        <Content ID="0" RefID="3" />
        <Content ID="1" RefID="4" />
        <Content ID="2" RefID="5" />
        <Content ID="3" RefID="6" />
      </Contents>
    </Pane>
    <Pane ID="6" DockState="DockTop" ActiveContent="3">
      <Contents Count="5">
        <Content ID="0" RefID="3" />
        <Content ID="1" RefID="4" />
        <Content ID="2" RefID="5" />
        <Content ID="3" RefID="6" />
        <Content ID="4" RefID="1" />
      </Contents>
    </Pane>
    <Pane ID="7" DockState="Float" ActiveContent="-1">
      <Contents Count="1">
        <Content ID="0" RefID="1" />
      </Contents>
    </Pane>
    <Pane ID="8" DockState="DockTop" ActiveContent="14">
      <Contents Count="2">
        <Content ID="0" RefID="14" />
        <Content ID="1" RefID="13" />
      </Contents>
    </Pane>
    <Pane ID="9" DockState="DockRight" ActiveContent="8">
      <Contents Count="2">
        <Content ID="0" RefID="8" />
        <Content ID="1" RefID="10" />
      </Contents>
    </Pane>
    <Pane ID="10" DockState="DockTop" ActiveContent="12">
      <Contents Count="2">
        <Content ID="0" RefID="12" />
        <Content ID="1" RefID="9" />
      </Contents>
    </Pane>
  </Panes>
  <DockWindows>
    <DockWindow ID="0" DockState="Document" ZOrderIndex="1">
      <NestedPanes Count="1">
        <Pane ID="0" RefID="0" PrevPane="-1" Alignment="Right" Proportion="0.5" />
      </NestedPanes>
    </DockWindow>
    <DockWindow ID="1" DockState="DockLeft" ZOrderIndex="5">
      <NestedPanes Count="0" />
    </DockWindow>
    <DockWindow ID="2" DockState="DockRight" ZOrderIndex="3">
      <NestedPanes Count="2">
        <Pane ID="0" RefID="3" PrevPane="-1" Alignment="Bottom" Proportion="0.5" />
        <Pane ID="1" RefID="9" PrevPane="3" Alignment="Top" Proportion="0.360394537177541" />
      </NestedPanes>
    </DockWindow>
    <DockWindow ID="3" DockState="DockTop" ZOrderIndex="2">
      <NestedPanes Count="3">
        <Pane ID="0" RefID="6" PrevPane="-1" Alignment="Right" Proportion="0.5" />
        <Pane ID="1" RefID="10" PrevPane="6" Alignment="Right" Proportion="0.408256880733945" />
        <Pane ID="2" RefID="8" PrevPane="10" Alignment="Right" Proportion="0.432203389830508" />
      </NestedPanes>
    </DockWindow>
    <DockWindow ID="4" DockState="DockBottom" ZOrderIndex="4">
      <NestedPanes Count="0" />
    </DockWindow>
  </DockWindows>
  <FloatWindows Count="5">
    <FloatWindow ID="0" Bounds="842, 138, 400, 300" ZOrderIndex="0">
      <NestedPanes Count="1">
        <Pane ID="0" RefID="1" PrevPane="-1" Alignment="Right" Proportion="0.5" />
      </NestedPanes>
    </FloatWindow>
    <FloatWindow ID="1" Bounds="52, 24, 1038, 744" ZOrderIndex="1">
      <NestedPanes Count="1">
        <Pane ID="0" RefID="5" PrevPane="-1" Alignment="Right" Proportion="0.5" />
      </NestedPanes>
    </FloatWindow>
    <FloatWindow ID="2" Bounds="158, 341, 400, 301" ZOrderIndex="2">
      <NestedPanes Count="1">
        <Pane ID="0" RefID="4" PrevPane="-1" Alignment="Right" Proportion="0.5" />
      </NestedPanes>
    </FloatWindow>
    <FloatWindow ID="3" Bounds="623, 374, 400, 300" ZOrderIndex="3">
      <NestedPanes Count="1">
        <Pane ID="0" RefID="2" PrevPane="-1" Alignment="Right" Proportion="0.5" />
      </NestedPanes>
    </FloatWindow>
    <FloatWindow ID="4" Bounds="292, 229, 668, 375" ZOrderIndex="4">
      <NestedPanes Count="1">
        <Pane ID="0" RefID="7" PrevPane="-1" Alignment="Right" Proportion="0.5" />
      </NestedPanes>
    </FloatWindow>
  </FloatWindows>
</DockPanel>