﻿<?xml version="1.0" encoding="utf-8"?>
<!--DockPanel configuration file. Author: Weifen Luo, all rights reserved.-->
<!--!!! AUTOMATICALLY GENERATED FILE. DO NOT MODIFY !!!-->
<DockPanel FormatVersion="1.0" DockLeftPortion="150" DockRightPortion="532" DockTopPortion="238" DockBottomPortion="243" ActiveDocumentPane="0" ActivePane="0">
  <Contents Count="17">
    <Content ID="0" PersistString="Browser" AutoHidePortion="150" IsHidden="False" IsFloat="False" />
    <Content ID="1" PersistString="Quest" AutoHidePortion="238" IsHidden="False" IsFloat="False" />
    <Content ID="2" PersistString="ShipGroup?SplitterDistance=55" AutoHidePortion="532" IsHidden="False" IsFloat="False" />
    <Content ID="3" PersistString="Fleet #1" AutoHidePortion="238" IsHidden="False" IsFloat="False" />
    <Content ID="4" PersistString="Fleet #2" AutoHidePortion="238" IsHidden="False" IsFloat="False" />
    <Content ID="5" PersistString="Fleet #3" AutoHidePortion="238" IsHidden="False" IsFloat="False" />
    <Content ID="6" PersistString="Fleet #4" AutoHidePortion="238" IsHidden="False" IsFloat="False" />
    <Content ID="7" PersistString="Battle" AutoHidePortion="532" IsHidden="False" IsFloat="False" />
    <Content ID="8" PersistString="Compass" AutoHidePortion="532" IsHidden="False" IsFloat="False" />
    <Content ID="9" PersistString="HeadQuarters" AutoHidePortion="238" IsHidden="False" IsFloat="False" />
    <Content ID="10" PersistString="Information" AutoHidePortion="532" IsHidden="False" IsFloat="False" />
    <Content ID="11" PersistString="Log" AutoHidePortion="150" IsHidden="False" IsFloat="False" />
    <Content ID="12" PersistString="FleetOverview" AutoHidePortion="238" IsHidden="False" IsFloat="False" />
    <Content ID="13" PersistString="Arsenal" AutoHidePortion="238" IsHidden="False" IsFloat="False" />
    <Content ID="14" PersistString="Dock" AutoHidePortion="238" IsHidden="False" IsFloat="False" />
    <Content ID="15" PersistString="MissionHelper.MissionHelperForm" AutoHidePortion="532" IsHidden="False" IsFloat="False" />
    <Content ID="16" PersistString="KanVoice.VoiceSubtitle" AutoHidePortion="532" IsHidden="False" IsFloat="False" />
  </Contents>
  <Panes Count="16">
    <Pane ID="0" DockState="Document" ActiveContent="0">
      <Contents Count="2">
        <Content ID="0" RefID="0" />
        <Content ID="1" RefID="11" />
      </Contents>
    </Pane>
    <Pane ID="1" DockState="Float" ActiveContent="-1">
      <Contents Count="1">
        <Content ID="0" RefID="1" />
      </Contents>
    </Pane>
    <Pane ID="2" DockState="Float" ActiveContent="-1">
      <Contents Count="4">
        <Content ID="0" RefID="3" />
        <Content ID="1" RefID="4" />
        <Content ID="2" RefID="5" />
        <Content ID="3" RefID="6" />
      </Contents>
    </Pane>
    <Pane ID="3" DockState="DockTop" ActiveContent="3">
      <Contents Count="4">
        <Content ID="0" RefID="3" />
        <Content ID="1" RefID="4" />
        <Content ID="2" RefID="5" />
        <Content ID="3" RefID="6" />
      </Contents>
    </Pane>
    <Pane ID="4" DockState="Float" ActiveContent="-1">
      <Contents Count="1">
        <Content ID="0" RefID="9" />
      </Contents>
    </Pane>
    <Pane ID="5" DockState="DockTop" ActiveContent="9">
      <Contents Count="1">
        <Content ID="0" RefID="9" />
      </Contents>
    </Pane>
    <Pane ID="6" DockState="DockTop" ActiveContent="14">
      <Contents Count="2">
        <Content ID="0" RefID="14" />
        <Content ID="1" RefID="13" />
      </Contents>
    </Pane>
    <Pane ID="7" DockState="DockTop" ActiveContent="1">
      <Contents Count="1">
        <Content ID="0" RefID="1" />
      </Contents>
    </Pane>
    <Pane ID="8" DockState="Float" ActiveContent="-1">
      <Contents Count="1">
        <Content ID="0" RefID="7" />
      </Contents>
    </Pane>
    <Pane ID="9" DockState="Float" ActiveContent="-1">
      <Contents Count="1">
        <Content ID="0" RefID="8" />
      </Contents>
    </Pane>
    <Pane ID="10" DockState="Float" ActiveContent="-1">
      <Contents Count="1">
        <Content ID="0" RefID="10" />
      </Contents>
    </Pane>
    <Pane ID="11" DockState="Float" ActiveContent="-1">
      <Contents Count="1">
        <Content ID="0" RefID="12" />
      </Contents>
    </Pane>
    <Pane ID="12" DockState="DockRight" ActiveContent="10">
      <Contents Count="1">
        <Content ID="0" RefID="10" />
      </Contents>
    </Pane>
    <Pane ID="13" DockState="DockTop" ActiveContent="12">
      <Contents Count="1">
        <Content ID="0" RefID="12" />
      </Contents>
    </Pane>
    <Pane ID="14" DockState="DockRight" ActiveContent="7">
      <Contents Count="4">
        <Content ID="0" RefID="7" />
        <Content ID="1" RefID="2" />
        <Content ID="2" RefID="15" />
        <Content ID="3" RefID="16" />
      </Contents>
    </Pane>
    <Pane ID="15" DockState="DockRight" ActiveContent="8">
      <Contents Count="1">
        <Content ID="0" RefID="8" />
      </Contents>
    </Pane>
  </Panes>
  <DockWindows>
    <DockWindow ID="0" DockState="Document" ZOrderIndex="1">
      <NestedPanes Count="1">
        <Pane ID="0" RefID="0" PrevPane="-1" Alignment="Right" Proportion="0.5" />
      </NestedPanes>
    </DockWindow>
    <DockWindow ID="1" DockState="DockLeft" ZOrderIndex="5">
      <NestedPanes Count="0" />
    </DockWindow>
    <DockWindow ID="2" DockState="DockRight" ZOrderIndex="2">
      <NestedPanes Count="3">
        <Pane ID="0" RefID="14" PrevPane="-1" Alignment="Bottom" Proportion="0.5" />
        <Pane ID="1" RefID="15" PrevPane="14" Alignment="Bottom" Proportion="0.311326296061142" />
        <Pane ID="2" RefID="12" PrevPane="15" Alignment="Right" Proportion="0.328897338403042" />
      </NestedPanes>
    </DockWindow>
    <DockWindow ID="3" DockState="DockTop" ZOrderIndex="3">
      <NestedPanes Count="5">
        <Pane ID="0" RefID="3" PrevPane="-1" Alignment="Right" Proportion="0.5" />
        <Pane ID="1" RefID="13" PrevPane="3" Alignment="Right" Proportion="0.699239956568947" />
        <Pane ID="2" RefID="6" PrevPane="13" Alignment="Right" Proportion="0.853855190445064" />
        <Pane ID="3" RefID="7" PrevPane="6" Alignment="Right" Proportion="0.836059382801953" />
        <Pane ID="4" RefID="5" PrevPane="7" Alignment="Right" Proportion="0.250233334623321" />
      </NestedPanes>
    </DockWindow>
    <DockWindow ID="4" DockState="DockBottom" ZOrderIndex="4">
      <NestedPanes Count="0" />
    </DockWindow>
  </DockWindows>
  <FloatWindows Count="7">
    <FloatWindow ID="0" Bounds="39, 458, 464, 300" ZOrderIndex="0">
      <NestedPanes Count="1">
        <Pane ID="0" RefID="2" PrevPane="-1" Alignment="Right" Proportion="0.5" />
      </NestedPanes>
    </FloatWindow>
    <FloatWindow ID="1" Bounds="460, 400, 400, 295" ZOrderIndex="1">
      <NestedPanes Count="1">
        <Pane ID="0" RefID="4" PrevPane="-1" Alignment="Right" Proportion="0.5" />
      </NestedPanes>
    </FloatWindow>
    <FloatWindow ID="2" Bounds="653, 564, 400, 300" ZOrderIndex="2">
      <NestedPanes Count="1">
        <Pane ID="0" RefID="1" PrevPane="-1" Alignment="Right" Proportion="0.5" />
      </NestedPanes>
    </FloatWindow>
    <FloatWindow ID="3" Bounds="530, 162, 400, 295" ZOrderIndex="3">
      <NestedPanes Count="1">
        <Pane ID="0" RefID="10" PrevPane="-1" Alignment="Right" Proportion="0.5" />
      </NestedPanes>
    </FloatWindow>
    <FloatWindow ID="4" Bounds="1082, 440, 400, 300" ZOrderIndex="4">
      <NestedPanes Count="1">
        <Pane ID="0" RefID="11" PrevPane="-1" Alignment="Right" Proportion="0.5" />
      </NestedPanes>
    </FloatWindow>
    <FloatWindow ID="5" Bounds="842, 138, 400, 300" ZOrderIndex="5">
      <NestedPanes Count="1">
        <Pane ID="0" RefID="8" PrevPane="-1" Alignment="Right" Proportion="0.5" />
      </NestedPanes>
    </FloatWindow>
    <FloatWindow ID="6" Bounds="821, 367, 400, 300" ZOrderIndex="6">
      <NestedPanes Count="1">
        <Pane ID="0" RefID="9" PrevPane="-1" Alignment="Right" Proportion="0.5" />
      </NestedPanes>
    </FloatWindow>
  </FloatWindows>
</DockPanel>