<?xml version="1.0" encoding="utf-8"?>
<WindowPlacementWrapper xmlns:i="http://www.w3.org/2001/XMLSchema-instance" xmlns="http://schemas.datacontract.org/2004/07/ElectronicObserver.Window.Support">
	<flags>2</flags>
	<maxPositionX>-1</maxPositionX>
	<maxPositionY>-1</maxPositionY>
	<minPositionX>-1</minPositionX>
	<minPositionY>-1</minPositionY>
	<normalPositionBottom>519</normalPositionBottom>
	<normalPositionLeft>564</normalPositionLeft>
	<normalPositionRight>1220</normalPositionRight>
	<normalPositionTop>0</normalPositionTop>
	<showCmd>3</showCmd>
</WindowPlacementWrapper>