<?xml version="1.0" encoding="utf-8"?>
<WindowPlacementWrapper xmlns:i="http://www.w3.org/2001/XMLSchema-instance" xmlns="http://schemas.datacontract.org/2004/07/ElectronicObserver.Window.Support">
	<flags>2</flags>
	<maxPositionX>-1</maxPositionX>
	<maxPositionY>-1</maxPositionY>
	<minPositionX>-32000</minPositionX>
	<minPositionY>-32000</minPositionY>
	<normalPositionBottom>728</normalPositionBottom>
	<normalPositionLeft>0</normalPositionLeft>
	<normalPositionRight>656</normalPositionRight>
	<normalPositionTop>209</normalPositionTop>
	<showCmd>3</showCmd>
</WindowPlacementWrapper>